{"a": 3.1522784981321452, "b": -0.09589851176664688}