{"a": -0.25454923258113443, "b": 1.4263254026483596}