{
  "sparse_a": 2.9174764668189703,
  "sparse_b": 0.0,
  "dense_a": 4.504410784983521,
  "dense_b": 0.5451936892099676,
  "threshold": 34.27619764454642
}