{"a": 5.170670950387919, "b": 0.17549483200245924}