{"a": 4.139221306312885, "b": 0.1469583652218905}